population_in_2023,population_in_2022,city,country,population_growthRate
37194105,37274002,Tokyo,Japan,-0.0021
32941309,32065760,Delhi,India,0.0273
29210808,28516903,Shanghai,China,0.0243
23209616,22478117,Dhaka,Bangladesh,0.0325
22619736,22429799,Sao Paulo,Brazil,0.0085
22281442,22085139,Mexico City,Mexico,0.0089
22183201,21750020,Cairo,Egypt,0.0199
21766214,21333331,Beijing,China,0.0203
21296517,20961473,Mumbai,India,0.016
19013434,19059857,Osaka,Japan,-0.0024
17340704,16874741,Chongqing,China,0.0276
17236230,16839950,Karachi,Pakistan,0.0235
16315534,15628085,Kinshasa,DR Congo,0.044
15945912,15387639,Lagos,Nigeria,0.0363
15847768,15636243,Istanbul,Turkey,0.0135
15490415,15369919,Buenos Aires,Argentina,0.0078
15332793,15133888,Kolkata,India,0.0131
14667089,14406059,Manila,Philippines,0.0181
14284353,13964637,Guangzhou,China,0.0229
14238643,14011828,Tianjin,China,0.0162
13979390,13541764,Lahore,Pakistan,0.0323
13727720,13634274,Rio de Janeiro,Brazil,0.0069
13607800,13193035,Bangalore,India,0.0314
13072633,12831330,Shenzhen,China,0.0188
12680389,12640818,Moscow,Russia,0.0031
11776147,11503293,Chennai,India,0.0237
11507960,11344312,Bogota,Colombia,0.0144
11248839,11074811,Jakarta,Indonesia,0.0157
11208440,11142303,Paris,France,0.0059
11204382,11044607,Lima,Peru,0.0145
11069982,10899698,Bangkok,Thailand,0.0156
10801163,10534418,Hyderabad,India,0.0253
9988049,9975709,Seoul,South Korea,0.0012
9698464,9429381,Nanjing,China,0.0285
9653772,9478521,Chengdu,China,0.0185
9648110,9540576,London,United Kingdom,0.0113
9569328,9571596,Nagoya,Japan,-0.0002
9499781,9381546,Tehran,Iran,0.0126
9320866,9077158,Ho Chi Minh City,Vietnam,0.0268
9292336,8952496,Luanda,Angola,0.038
8785174,8537646,Xi-an Shaanxi,China,0.029
8718250,8591611,Wuhan,China,0.0147
8650605,8450228,Ahmedabad,India,0.0237
8621724,8419566,Kuala Lumpur,Malaysia,0.024
8237206,8044878,Hangzhou,China,0.0239
8074031,7764499,Suzhou,China,0.0399
8064949,7784276,Surat,India,0.0361
7888121,8172684,New York City,NY,-0.0348
7775865,7404689,Dar es Salaam,Tanzania,0.0501
7711305,7511920,Baghdad,Iraq,0.0265
7684801,7643256,Hong Kong,Hong Kong,0.0054
7682430,7538200,Riyadh,Saudi Arabia,0.0191
7680967,7527975,Shenyang,China,0.0203
7597386,7497263,Foshan,China,0.0134
7587049,7511851,Dongguan,China,0.01
7166374,6987077,Pune,India,0.0257
6903392,6856939,Santiago,Chile,0.0068
6803811,6665951,Haerbin,China,0.0207
6751374,6713557,Madrid,Spain,0.0056
6371958,6312974,Toronto,Canada,0.0093
6344348,6160327,Khartoum,Sudan,0.0299
6247889,6194292,Belo Horizonte,Brazil,0.0087
6198016,6065354,Johannesburg,South Africa,0.0219
6080859,6039577,Singapore,Singapore,0.0068
6077995,5930140,Dalian,China,0.0249
5986525,5865232,Qingdao,China,0.0207
5859272,5690312,Zhengzhou,China,0.0297
5806031,5663015,Ji-nan Shandong,China,0.0253
5687356,5658472,Barcelona,Spain,0.0051
5686350,5515790,Abidjan,Ivory Coast,0.0309
5610241,5514454,Yangon,Myanmar,0.0174
5588477,5483605,Alexandria,Egypt,0.0191
5561294,5535556,Saint Petersburg,Russia,0.0046
5490271,5502591,Fukuoka,Japan,-0.0022
5460591,5227794,Addis Ababa,Ethiopia,0.0445
5419880,5339583,Guadalajara,Mexico,0.015
5397098,5309690,Ankara,Turkey,0.0165
5379660,5252842,Chittagong,Bangladesh,0.0241
5325160,5118844,Nairobi,Kenya,0.0403
5253385,5067352,Hanoi,Vietnam,0.0367
5235407,5150766,Melbourne,Australia,0.0164
5120894,5056571,Sydney,Australia,0.0127
5116647,5036535,Monterrey,Mexico,0.0159
4921487,4809887,Changsha,China,0.0232
4890280,4800954,Cape Town,South Africa,0.0186
4873048,4803877,Brasilia,Brazil,0.0144
4865038,4710203,Urumqi,China,0.0329
4862941,4780740,Jiddah,Saudi Arabia,0.0172
4761284,4657381,Kunming,China,0.0223
4710382,4616002,Changchun,China,0.0204
4615758,4496456,Hefei,China,0.0265
4588666,4457882,Kabul,Afghanistan,0.0293
4573713,4490411,Shantou,China,0.0186
4537901,4405292,Ningbo,China,0.0301
4509287,4336670,Yaounde,Cameroon,0.0398
4504147,4470672,New Taipei,Taiwan,0.0075
4420855,4343584,Tel Aviv,Israel,0.0178
4370473,4285135,Shijiazhuang,China,0.0199
4348481,4219209,Kano,Nigeria,0.0306
4315671,4297877,Rome,Italy,0.0041
4307958,4276526,Montreal,Canada,0.0073
4263940,4220458,Recife,Brazil,0.0103
4211933,4185488,Porto Alegre,Brazil,0.0063
4207084,4106756,Jaipur,India,0.0244
4206240,4163953,Fortaleza,Brazil,0.0102
4191890,4085697,Nanning,China,0.026
4145010,4061003,Taiyuan Shanxi,China,0.0207
4118327,4044660,Ekurhuleni,South Africa,0.0182
4102308,4067758,Medellin,Colombia,0.0085
4088555,3920873,Kozhikode,India,0.0428
4063200,3926645,Douala,Cameroon,0.0348
4009087,3816345,Malappuram,India,0.0505
3981658,3869213,Changzhou,China,0.0291
3958384,3920132,Salvador,Brazil,0.0098
3945409,3854224,Lucknow,India,0.0237
3935484,3862882,Xiamen,China,0.0188
3922202,3843753,Fuzhou Fujian,China,0.0204
3920379,3817888,Nanchang,China,0.0268
3919724,3824561,Wenzhou,China,0.0249
3892837,3840396,Casablanca,Morocco,0.0137
3874908,3756445,Ibadan,Nigeria,0.0315
3872264,3699900,Antananarivo,Madagascar,0.0466
3846102,3651919,Kampala,Uganda,0.0532
3839646,3652029,Abuja,Nigeria,0.0514
3814702,3693292,Tangshan Hebei,China,0.0329
3813082,3770919,Curitiba,Brazil,0.0112
3769485,3809182,Los Angeles,CA,-0.0104
3768239,3630326,Kumasi,Ghana,0.038
3729351,3622203,Bekasi,Indonesia,0.0296
3710845,3624804,Faisalabad,Pakistan,0.0237
3580904,3495855,Guiyang,China,0.0243
3573938,3570750,Berlin,Germany,0.0009
3523890,3457626,Santo Domingo,Dominican Republic,0.0192
3510511,3452315,Asuncion,Paraguay,0.0169
3482456,3351322,Thrissur,India,0.0391
3480101,3324694,Port Harcourt,Nigeria,0.0467
3471949,3468139,Busan,South Korea,0.0011
3437346,3375810,Wuxi,China,0.0182
3429536,3326001,Dakar,Senegal,0.0311
3422796,3384564,Campinas,Brazil,0.0113
3406055,3301294,Kochi,India,0.0317
3367852,3317640,Mashhad,Iran,0.0151
3344761,3294779,Puebla,Mexico,0.0152
3302077,3208722,Indore,India,0.0291
3297759,3238523,Kuwait City,Kuwait,0.0183
3297528,3226493,Lanzhou,China,0.022
3292497,3181655,Sanaa,Yemen,0.0348
3234160,3189926,Kanpur,India,0.0139
3228003,3199329,Durban,South Africa,0.009
3203923,3055788,Ouagadougou,Burkina Faso,0.0485
3181250,3041789,Lusaka,Zambia,0.0458
3157538,3132527,Pyongyang,North Korea,0.008
3154570,3149223,Milan,Italy,0.0017
3154463,3153781,Athens,Greece,0.0002
3142466,3092355,Guayaquil,Ecuador,0.0162
3095099,3036405,Guatemala City,Guatemala,0.0193
3088414,3056149,Izmir,Turkey,0.0106
3046687,2991427,Nagpur,India,0.0185
3044413,3005385,Surabaya,Indonesia,0.013
3041229,2942149,Depok,Indonesia,0.0337
3016789,3010209,Kiev,Ukraine,0.0022
3010685,2973878,Zhongshan,China,0.0124
3009047,2934621,Coimbatore,India,0.0254
3007583,2964382,Dubai,United Arab Emirates,0.0146
3005409,2917786,Handan,China,0.03
3000536,2986162,Lisbon,Portugal,0.0048
2987455,2915276,Port-au-Prince,Haiti,0.0248
2979893,2879079,Huaian,China,0.035
2972145,2956813,Caracas,Venezuela,0.0052
2937359,2935436,Shizuoka,Japan,0.0007
2929373,2816943,Bamako,Mali,0.0399
2917819,2834645,Weifang,China,0.0293
2901810,2853959,Algiers,Algeria,0.0168
2891746,2765002,Mbuji-Mayi,DR Congo,0.0458
2891119,2793173,Thiruvananthapuram,India,0.0351
2863730,2836747,Cali,Colombia,0.0095
2848557,2834132,Incheon,South Korea,0.0051
2848473,2800919,Goiania,Brazil,0.017
2818100,2739768,Pretoria,South Africa,0.0286
2811959,2695331,Lubumbashi,DR Congo,0.0433
2805654,2722257,Shaoxing,China,0.0306
2791005,2770434,Manchester,United Kingdom,0.0074
2780142,2732104,Zibo,China,0.0176
2764584,2689227,Yantai,China,0.028
2758593,2684343,Huizhou,China,0.0277
2754196,2742379,Taipei,Taiwan,0.0043
2674000,2638090,Bandung,Indonesia,0.0136
2666112,2668982,Sapporo,Japan,-0.0011
2665100,2645598,Birmingham,United Kingdom,0.0074
2660072,2605402,Accra,Ghana,0.021
2657088,2631690,Vancouver,Canada,0.0097
2637733,2552813,Brazzaville,Republic of the Congo,0.0333
2626368,2575626,Toluca de Lerdo,Mexico,0.0197
2610483,2497463,Mogadishu,Somalia,0.0453
2608425,2652124,Chicago,IL,-0.0165
2603243,2573758,Tashkent,Uzbekistan,0.0115
2602793,2534195,Luoyang,China,0.0271
2584771,2502761,Damascus,Syria,0.0328
2579762,2529210,Patna,India,0.02
2564502,2505183,Bhopal,India,0.0237
2514077,2456106,Tangerang,Indonesia,0.0236
2504505,2472222,Brisbane,Australia,0.0131
2492230,2423725,Nantong,China,0.0283
2475446,2439404,Tunis,Tunisia,0.0148
2439564,2442512,San Juan,Puerto Rico,-0.0012
2439054,2402041,Medan,Indonesia,0.0154
2432304,2401108,Baku,Azerbaijan,0.013
2421354,2433155,Beirut,Lebanon,-0.0049
2415416,2352547,Gujranwala,Pakistan,0.0267
2411785,2342514,Peshawar,Pakistan,0.0296
2409409,2385490,Belem,Brazil,0.01
2380636,2312208,Hohhot,China,0.0296
2377325,2327455,Rawalpindi,Pakistan,0.0214
2375636,2340784,Manaus,Brazil,0.0149
2367626,2332718,Maracaibo,Venezuela,0.015
2367554,2313971,Agra,India,0.0232
2349400,2324690,Barranquilla,Colombia,0.0106
2346137,2286474,Kannur,India,0.0261
2343452,2286224,Liuzhou,China,0.025
2342302,2339991,Sendai,Japan,0.001
2334878,2287174,Baotou,China,0.0209
2330928,2277870,Visakhapatnam,India,0.0233
2324084,2277153,Vadodara,India,0.0206
2318850,2296368,Taoyuan,Taiwan,0.0098
2287166,2240503,Xuzhou,China,0.0208
2281198,2211444,Phnom Penh,Cambodia,0.0315
2264876,2276533,Houston,TX,-0.0051
2259787,2221008,Tijuana,Mexico,0.0175
2258396,2219343,Esfahan,Iran,0.0176
2237369,2180269,Nashik,India,0.0262
2232240,2209584,Amman,Jordan,0.0103
2229765,2167516,Vijayawada,India,0.0287
2203025,2098210,Aleppo,Syria,0.05
2180997,2184528,Daegu,South Korea,-0.0016
2179384,2180348,Naples,Italy,-0.0004
2176022,2093166,Putian,China,0.0396
2170513,2141511,Grande Vitoria,Brazil,0.0135
2154600,2105987,Multan,Pakistan,0.0231
2149928,2114675,Mecca,Saudi Arabia,0.0167
2148930,2145691,Havana,Cuba,0.0015
2131291,2085864,Yangzhou,China,0.0218
2124797,2046187,Wuhu Anhui,China,0.0384
2121992,2109631,Brussels,Belgium,0.0059
2117997,2092649,Perth,Australia,0.0121
2110937,2048525,Conakry,Guinea,0.0305
2107539,2064081,Baoding,China,0.0211
2106606,2025984,Kollam,India,0.0398
2102143,2048701,Taizhou Zhejiang,China,0.0261
2086324,2054748,Bursa,Turkey,0.0154
2076364,2030847,Linyi Shandong,China,0.0224
2067591,2072344,Hiroshima,Japan,-0.0023
2057257,2048574,Minsk,Belarus,0.0042
2043107,1988607,Rajkot,India,0.0274
2016092,1974244,Haikou,China,0.0212
2000656,1954752,Daqing,China,0.0235
1993463,1951122,Yancheng Jiangsu,China,0.0217
1987301,1958135,Almaty,Kazakhstan,0.0149
1986439,1933605,Lianyungang,China,0.0273
1983445,1959318,Valencia,Venezuela,0.0123
1981615,1925517,Lome,Togo,0.0291
1976866,1937963,Panama City,Panama,0.0201
1975306,1937887,Semarang,Indonesia,0.0193
1975271,1960023,Vienna,Austria,0.0078
1967684,1925953,Hyderabad,Pakistan,0.0217
1959388,1931930,Rabat,Morocco,0.0142
1956995,1928296,Quito,Ecuador,0.0149
1951085,1916772,Ludhiana,India,0.0179
1949400,1907721,Davao City,Philippines,0.0218
1947785,1929846,Baixada Santista,Brazil,0.0093
1935619,1907686,La Paz,Bolivia,0.0146
1928661,1915134,West Yorkshire,United Kingdom,0.0071
1904631,1841084,Benin City,Nigeria,0.0345
1898749,1873522,Leon de los Aldamas,Mexico,0.0135
1889829,1847411,Zhuhai,China,0.023
1873693,1831912,Datong,China,0.0228
1869994,1814734,Quanzhou,China,0.0305
1865172,1786437,Can Tho,Vietnam,0.0441
1852405,1796872,Matola,Mozambique,0.0309
1835895,1814445,Adana,Turkey,0.0118
1834279,1798834,Madurai,India,0.0197
1830858,1785684,Sharjah,United Arab Emirates,0.0253
1820114,1784372,Santa Cruz,Bolivia,0.02
1818421,1785209,Palembang,Indonesia,0.0186
1816813,1760411,Raipur,India,0.032
1804704,1773495,Gaziantep,Turkey,0.0176
1801944,1798471,Turin,Italy,0.0019
1797805,1762162,Meerut,India,0.0202
1797516,1794532,Warsaw,Poland,0.0017
1792020,1737101,Mosul,Iraq,0.0316
1788871,1732743,Cixi,China,0.0324
1787520,1788170,Hamburg,Germany,-0.0004
1780592,1729825,La Laguna,Mexico,0.0293
1778052,1775207,Budapest,Hungary,0.0016
1776385,1785294,Bucharest,Romania,-0.005
1774396,1767243,Montevideo,Uruguay,0.004
1768511,1740196,Jiangmen,China,0.0163
1761188,1747575,Lyon,France,0.0078
1754425,1722259,Varanasi,India,0.0187
1748142,1684932,Batam,Indonesia,0.0375
1742706,1713433,Xiangyang,China,0.0171
1720954,1698584,Shiraz,Iran,0.0132
1716591,1672688,Yinchuan,China,0.0262
1711244,1660148,Yichang,China,0.0308
1700066,1679050,Stockholm,Sweden,0.0125
1698277,1659935,Srinagar,India,0.0231
1698088,1688907,Glasgow,United Kingdom,0.0054
1695060,1661439,Jamshedpur,India,0.0202
1694765,1686236,Novosibirsk,Russia,0.0051
1689499,1667187,Anshan,China,0.0134
1683389,1641602,Aurangabad,India,0.0255
1680962,1634829,Qinhuangdao,China,0.0282
1678020,1622582,Monrovia,Liberia,0.0342
1677173,1619469,Tiruppur,India,0.0356
1673220,1652341,Auckland,New Zealand,0.0126
1673094,1642129,Makassar,Indonesia,0.0189
1672627,1644544,Ulaanbaatar,Mongolia,0.0171
1668785,1645140,Jilin,China,0.0144
1666605,1625782,Xining,China,0.0251
1664968,1595867,Suqian,China,0.0433
1664442,1592924,Kananga,DR Congo,0.0449
1661854,1618900,Hengyang,China,0.0265
1660737,1643960,Tabriz,Iran,0.0102
1651344,1637902,Phoenix,AZ,0.0082
1650319,1622620,Muscat,Oman,0.0171
1642347,1585812,Anyang,China,0.0357
1639613,1611475,Calgary,Canada,0.0175
1635458,1609057,Qiqihaer,China,0.0164
1627549,1620227,Marseille,France,0.0045
1623382,1552630,Onitsha,Nigeria,0.0456
1611651,1597844,Cordoba,Argentina,0.0086
1594096,1574235,Rosario,Argentina,0.0126
1593608,1586825,Karaj,Iran,0.0043
1592324,1532588,N-Djamena,Chad,0.039
1586547,1548048,Jodhpur,India,0.0249
1582313,1560821,Ciudad Juarez,Mexico,0.0138
1578128,1557740,Harare,Zimbabwe,0.0131
1577436,1573369,Daejon,South Korea,0.0026
1576416,1566128,Munich,Germany,0.0066
1572571,1545420,Medina,Saudi Arabia,0.0176
1571010,1521057,Kathmandu,Nepal,0.0328
1569560,1543534,Jining Shandong,China,0.0169
1568025,1526660,Tegucigalpa,Honduras,0.0271
1566999,1539830,Abu Dhabi,United Arab Emirates,0.0176
1552899,1547094,Gaoxiong,Taiwan,0.0038
1547258,1510765,Ranchi,India,0.0242
1544448,1518921,Edmonton,Canada,0.0168
1536171,1502958,Zhangjiakou,China,0.0221
1535316,1511614,Natal,Brazil,0.0157
1531860,1500625,Mandalay,Myanmar,0.0208
1529472,1526457,Gwangju,South Korea,0.002
1527886,1551880,Philadelphia,PA,-0.0155
1527728,1521136,Yekaterinburg,Russia,0.0043
1523629,1511102,Grande Sao Luis,Brazil,0.0083
1522121,1495679,Jabalpur,India,0.0177
1516795,1474243,Kota,India,0.0289
1512668,1486964,Huainan,China,0.0173
1505033,1478266,Asansol,India,0.0181
1496298,1472558,Chaozhou,China,0.0161
1491958,1431539,Nouakchott,Mauritania,0.0422
1483320,1436780,Yiwu,China,0.0324
1479493,1465608,San Antonio,TX,0.0095
1475016,1442015,Gwalior,India,0.0229
1465152,1439202,Allahabad,India,0.018
1461989,1441324,San Jose,Costa Rica,0.0143
1459678,1405736,Ganzhou,China,0.0384
1454222,1435745,Chon Buri,Thailand,0.0129
1451748,1425040,Amritsar,India,0.0187
1448124,1413646,Basra,Iraq,0.0244
1446810,1414649,Taizhou Jiangsu,China,0.0227
1443429,1397632,Homs,Syria,0.0328
1440396,1388979,Mombasa,Kenya,0.037
1437233,1383909,Niamey,Niger,0.0385
1437188,1422635,Ottawa,Canada,0.0102
1431538,1419621,Zurich,Switzerland,0.0084
1429315,1389782,Weihai,China,0.0284
1424982,1373885,Jiaxing,China,0.0372
1423395,1366342,Kisangani,DR Congo,0.0418
1422974,1382031,Hai Phong,Vietnam,0.0296
1421827,1407889,Joao Pessoa,Brazil,0.0099
1421052,1423343,Kharkiv,Ukraine,-0.0016
1416064,1390010,Taian Shandong,China,0.0187
1413474,1389302,Queretaro,Mexico,0.0174
1408144,1405192,Belgrade,Serbia,0.0021
1407632,1383000,Konya,Turkey,0.0178
1400250,1368920,Cochabamba,Bolivia,0.0229
1398262,1359105,Kaifeng,China,0.0288
1391258,1353165,Rizhao,China,0.0282
1389776,1367686,Dhanbad,India,0.0162
1381498,1365580,Bucaramanga,Colombia,0.0117
1381005,1370131,Copenhagen,Denmark,0.0079
1379377,1346126,Dongying,China,0.0247
1378077,1322063,Liuan,China,0.0424
1377572,1339649,Nanchong,China,0.0283
1376453,1345424,Zunyi,China,0.0231
1374076,1377838,San Diego,CA,-0.0027
1373523,1310870,Liuyang,China,0.0478
1371998,1343882,Zhanjiang,China,0.0209
1369066,1354431,Taizhong,Taiwan,0.0108
1366783,1355522,Adelaide,Australia,0.0083
1365352,1349905,Suweon,South Korea,0.0114
1363510,1350505,Maceio,Brazil,0.0096
1358871,1341605,Samut Prakan,Thailand,0.0129
1354174,1333404,Qom,Iran,0.0156
1354025,1318236,Shiyan,China,0.0271
1351383,1326012,Mianyang Sichuan,China,0.0191
1348664,1317085,Bareilly,India,0.024
1348521,1334194,Joinville,Brazil,0.0107
1347240,1318826,Antalya,Turkey,0.0215
1337786,1327762,Helsinki,Finland,0.0075
1336387,1294612,Pointe-Noire,Republic of the Congo,0.0323
1329291,1304688,Ad-Dammam,Saudi Arabia,0.0189
1329284,1264636,Uyo,Nigeria,0.0511
1324652,1320347,Porto,Portugal,0.0033
1323339,1318085,Prague,Czech Republic,0.004
1323174,1288451,Yingkou,China,0.0269
1322916,1281380,Tengzhou,China,0.0324
1314178,1277242,Tanger,Morocco,0.0289
1312369,1278555,Aligarh,India,0.0264
1310754,1245444,Mwanza,Tanzania,0.0524
1310433,1266746,Suzhou,China,0.0345
1309168,1272145,Freetown,Sierra Leone,0.0291
1304565,1294781,Fushun Liaoning,China,0.0076
1303900,1272048,Maoming,China,0.025
1303355,1271197,Pekan Baru,Indonesia,0.0253
1301740,1267139,Moradabad,India,0.0273
1295928,1280550,Port Elizabeth,South Africa,0.012
1294486,1277547,Florianopolis,Brazil,0.0133
1293619,1277613,Ahvaz,Iran,0.0125
1291884,1286418,Kazan,Russia,0.0042
1291280,1253779,Astana,Kazakhstan,0.0299
1290039,1267317,Fes,Morocco,0.0179
1288245,1261097,Mysore,India,0.0215
1288114,1286789,Sofia,Bulgaria,0.001
1282479,1240240,Jieyang,China,0.0341
1281790,1246135,Ruian,China,0.0286
1276316,1222325,Lilongwe,Malawi,0.0442
1273325,1254382,San Luis Potosi,Mexico,0.0151
1270172,1255963,Dublin,Ireland,0.0113
1266034,1244528,Durg-Bhilainagar,India,0.0173
1261077,1230134,Baoji,China,0.0252
1259404,1273848,Dallas,TX,-0.0113
1257941,1215822,Jinhua,China,0.0346
1257642,1226033,Bhubaneswar,India,0.0258
1256581,1225598,Pingdingshan Henan,China,0.0253
1254519,1231664,Zhuzhou,China,0.0186
1254192,1240714,Barquisimeto,Venezuela,0.0109
1254160,1223886,Puning,China,0.0247
1252890,1188736,Abomey-Calavi,Benin,0.054
1252414,1223975,Chifeng,China,0.0232
1251332,1252917,Nizhniy Novgorod,Russia,-0.0013
1250668,1225251,Zhenjiang Jiangsu,China,0.0207
1248783,1190367,Bukavu,DR Congo,0.0491
1247551,1208296,Kigali,Rwanda,0.0325
1242945,1229520,Maracay,Venezuela,0.0109
1240926,1237272,Chelyabinsk,Russia,0.003
1239186,1176550,Nnewi,Nigeria,0.0532
1236271,1205931,Huaibei,China,0.0252
1232447,1198035,Islamabad,Pakistan,0.0287
1231445,1207036,Bogor,Indonesia,0.0202
1230644,1183380,Liupanshui,China,0.0399
1226427,1209458,Mendoza,Argentina,0.014
1224629,1197901,Nanyang Henan,China,0.0223
1223912,1197437,Xiangtan Hunan,China,0.0221
1221960,1200947,Tiruchirappalli,India,0.0175
1220634,1188374,Da Nang,Vietnam,0.0271
1220603,1201142,Merida,Mexico,0.0162
1216852,1196384,Benxi,China,0.0171
1215376,1191977,Jinzhou,China,0.0196
1214775,1191299,Chandigarh,India,0.0197
1213778,1164908,Tasikmalaya,Indonesia,0.042
1213348,1197931,Chiang Mai,Thailand,0.0129
1207275,1162776,Pizhou,China,0.0383
1206767,1139265,Bujumbura,Burundi,0.0593
1200222,1163766,Binzhou,China,0.0313
1197935,1149350,Luohe,China,0.0423
1196841,1175605,Guilin,China,0.0181
1190348,1159635,Quetta,Pakistan,0.0265
1188803,1150116,Aba,Nigeria,0.0336
1187398,1158048,Kaduna,Nigeria,0.0253
1183292,1175830,Tripoli,Libya,0.0063
1183042,1117707,Xiongan,China,0.0585
1181194,1158368,Hubli-Dharwad,India,0.0197
1180745,1181049,Omsk,Russia,-0.0003
1178477,1159544,Mexicali,Mexico,0.0163
1176330,1154876,Guwahati,India,0.0186
1175989,1119608,Bazhong,China,0.0504
1174429,1163950,Haifa,Israel,0.009
1174025,1165898,Amsterdam,Netherlands,0.007
1171689,1133891,Saharanpur,India,0.0333
1169953,1146334,Salem,India,0.0206
1169864,1135548,Yueqing,China,0.0302
1166792,1158761,Krasnoyarsk,Russia,0.0069
1162793,1138960,Maputo,Mozambique,0.0209
1162242,1138359,Bandar Lampung,Indonesia,0.021
1161448,1143281,Aguascalientes,Mexico,0.0159
1155732,1157631,Samara,Russia,-0.0016
1155073,1125804,Shimkent,Kazakhstan,0.026
1144799,1142399,Ufa,Russia,0.0021
1143715,1136992,Cologne,Germany,0.0059
1140599,1120346,Xinxiang,China,0.0181
1138854,1138025,Rostov-on-Don,Russia,0.0007
1135671,1120784,Yongin,South Korea,0.0133
1133629,1117176,Zaozhuang,China,0.0147
1131361,1101419,Wenling,China,0.0272
1128646,1074309,Bobo-Dioulasso,Burkina Faso,0.0506
1127198,1079377,Hargeysa,Somalia,0.0443
1126249,1091949,Siliguri,India,0.0314
1123843,1107476,Cuernavaca,Mexico,0.0148
1120694,1093520,Fuyang,China,0.0249
1120675,1098267,Panjin,China,0.0204
1118826,1096068,Jalandhar,India,0.0208
1116295,1096429,Chihuahua,Mexico,0.0181
1116052,1110681,San Salvador,El Salvador,0.0048
1112680,1083048,Ma'anshan,China,0.0274
1110824,1078342,Bien Hoa,Vietnam,0.0301
1106736,1081383,Shangrao,China,0.0234
1105283,1094880,Goyang,South Korea,0.0095
1104742,1082214,Bishkek,Kyrgyzstan,0.0208
1103202,1077519,Zhaoqing,China,0.0238
1100324,1071258,Samarinda,Indonesia,0.0271
1100271,1065779,Fuzhou Jiangxi,China,0.0324
1096937,1078994,Diyarbakir,Turkey,0.0166
1094813,1092028,Yerevan,Armenia,0.0026
1094510,1083094,Managua,Nicaragua,0.0105
1093308,1041166,Ikorodu,Nigeria,0.0501
1089886,1072008,Jingzhou Hubei,China,0.0167
1087599,1079004,Cartagena,Colombia,0.008
1087409,1055794,Leshan,China,0.0299
1086214,1065341,Johor Bahru,Malaysia,0.0196
1085992,1071062,Oslo,Norway,0.0139
1084969,1046252,Chenzhou,China,0.037
1084623,1066369,Kermanshah,Iran,0.0171
1082245,1080349,Tbilisi,Georgia,0.0018
1081768,1078878,Perm,Russia,0.0027
1080808,1077179,Voronezh,Russia,0.0034
1080680,1050796,Dezhou,China,0.0284
1079670,1044911,Aden,Yemen,0.0333
1079120,1073395,Lille,France,0.0053
1078630,1029428,Yichun Jiangxi,China,0.0478
1077929,1034917,Sekondi Takoradi,Ghana,0.0416
1077108,1023575,Tshikapa,DR Congo,0.0523
1074884,1051780,Kirkuk,Iraq,0.022
1072666,1034872,Asmara,Eritrea,0.0365
1070322,1054911,Solapur,India,0.0146
1069402,1052637,Mersin,Turkey,0.0159
1067651,1042111,Huzhou,China,0.0245
1063876,1033680,Xuchang,China,0.0292
1060460,1049246,Toulouse,France,0.0107
1059902,1022366,Changshu,China,0.0367
1057215,1052622,Antwerp,Belgium,0.0044
1056986,1042445,Aracaju,Brazil,0.0139
1056952,1012312,Nyala,Sudan,0.0441
1054442,1054243,Changwon,South Korea,0.0002
1053041,1030815,Denpasar,Indonesia,0.0216
1050459,1040971,Teresina,Brazil,0.0091
1049690,1033050,Marrakech,Morocco,0.0161
1048889,1034517,Yueyang,China,0.0139
1047251,1031867,Tampico,Mexico,0.0149
1038964,1008582,Qujing,China,0.0301
1034126,1017570,Saltillo,Mexico,0.0163
1033645,1015105,Padang,Indonesia,0.0183
1031090,1006935,Warangal,India,0.024
1030974,994911,Blantyre-Limbe,Malawi,0.0362
1030498,1000477,Ilorin,Nigeria,0.03
1026767,1013645,San Miguel de Tucuman,Argentina,0.0129
1024945,1008662,Cebu City,Philippines,0.0161
1023756,996054,Xintai,China,0.0278
1022604,998146,Cancun,Mexico,0.0245
1020399,980589,Guiping,China,0.0406
1018976,1005421,Acapulco de Juarez,Mexico,0.0135
1018012,1014675,Rotterdam,Netherlands,0.0033
1013240,1000348,Kayseri,Turkey,0.0129
1008599,1000467,Valparaiso,Chile,0.0081
1007716,1007989,Odesa,Ukraine,-0.0003
1005007,992237,Songkhla,Thailand,0.0129
1001155,989104,Krasnodar,Russia,0.0122
1000947,988230,Nonthaburi,Thailand,0.0129
1000475,990650,Bordeaux,France,0.0099
999721,976771,Pingxiang Jiangxi,China,0.0235
995747,964154,Hamah,Syria,0.0328
995078,997537,Volgograd,Russia,-0.0025
993175,977845,Jixi Heilongjiang,China,0.0157
993097,958210,Chengde,China,0.0364
991876,967454,Dehradun,India,0.0252
991208,960058,Zhucheng,China,0.0324
988744,975171,Morelia,Mexico,0.0139
986921,942683,Warri,Nigeria,0.0469
986899,962139,Dushanbe,Tajikistan,0.0257
986248,961197,Laiwu,China,0.0261
984193,953472,Misratah,Libya,0.0322
983352,945046,Owerri,Nigeria,0.0405
982777,960233,Jiujiang,China,0.0235
982021,955649,San Pedro Sula,Honduras,0.0276
979248,960438,Agadir,Morocco,0.0196
978327,939173,Leiyang,China,0.0417
975348,958338,Mudanjiang,China,0.0177
970129,942167,Jos,Nigeria,0.0297
969804,956849,Jerusalem,Israel,0.0135
969322,927472,Nampula,Mozambique,0.0451
967428,943042,Guigang,China,0.0259
966292,965234,Austin,TX,0.0011
964291,927856,Sylhet,Bangladesh,0.0393
964266,949518,Ciudad Guayana,Venezuela,0.0155
963045,953378,Cucuta,Colombia,0.0101
962970,958783,Jacksonville,FL,0.0044
961991,942126,Rajshahi,Bangladesh,0.0211
961885,948605,Fort Worth,TX,0.014
960349,944864,Zamboanga City,Philippines,0.0164
958998,946844,Arequipa,Peru,0.0128
958548,914456,Lubango,Angola,0.0482
958487,929669,Najaf,Iraq,0.031
958335,933176,Bangui,Central African Republic,0.027
956079,934600,Yangjiang,China,0.023
955663,924817,Hengshui,China,0.0334
955519,929015,Zhangzhou,China,0.0285
955226,942635,Veracruz,Mexico,0.0134
955104,949659,Khulna,Bangladesh,0.0057
953768,927240,Tianmen,China,0.0286
952278,922665,Xinyu,China,0.0321
951822,922495,Linfen,China,0.0318
951531,943745,Southampton,United Kingdom,0.0083
951417,934515,Reynosa,Mexico,0.0181
950048,937977,Pathum Thani,Thailand,0.0129
948149,945312,Nice,France,0.003
946653,924888,Antipolo,Philippines,0.0235
944465,929529,Bengbu,China,0.0161
943530,928663,Villahermosa,Mexico,0.016
941586,946574,Dnipro,Ukraine,-0.0053
941508,941569,Seongnam,South Korea,-0.0001
940600,907739,Taiz,Yemen,0.0362
939166,913268,Deyang,China,0.0284
936997,898864,Liling,China,0.0424
935947,922302,Oran,Algeria,0.0148
934341,921524,West Rand,South Africa,0.0139
933395,905154,Jiangyin,China,0.0312
930862,956814,San Jose,CA,-0.0271
927532,894834,Baishan,China,0.0365
926095,916786,Campo Grande,Brazil,0.0102
922425,911014,Londrina,Brazil,0.0125
919654,894561,Bahawalpur,Pakistan,0.0281
919443,906940,Malang,Indonesia,0.0138
918324,896750,Guntur,India,0.0241
917936,903644,Dandong,China,0.0158
917032,911546,Liverpool,United Kingdom,0.006
915060,899681,Hermosillo,Mexico,0.0171
914036,904170,La Plata,Argentina,0.0109
913376,907202,Bergamo,Italy,0.0068
912734,911564,Ulsan,South Korea,0.0013
911862,902142,Concepcion,Chile,0.0108
910743,889876,Changzhi,China,0.0234
907865,907196,Columbus,OH,0.0007
906581,889708,Bhiwandi,India,0.019
905814,864183,Bogra,Bangladesh,0.0482
904676,861878,Cabinda,Angola,0.0497
904139,860555,Umuahia,Nigeria,0.0506
903896,890973,Trujillo,Peru,0.0145
903815,887092,Tyumen,Russia,0.0189
902353,883389,Ashgabat,Turkmenistan,0.0215
900692,885256,Liaoyang,China,0.0174
898338,876395,Changde,China,0.025
897983,877010,Puducherry,India,0.0239
897694,881638,Tuxtla Gutierrez,Mexico,0.0182
896716,877888,Erbil,Iraq,0.0214
895111,873125,Shangqiu,China,0.0252
894388,870224,Firozabad,India,0.0278
892254,878960,Soshanguve,South Africa,0.0151
888620,872643,Culiacan,Mexico,0.0183
887716,893392,Donetsk,Ukraine,-0.0064
886381,868161,Xingtai,China,0.021
885663,882681,Charlotte,NC,0.0034
876930,860580,Huangshi,China,0.019
876131,863008,Fuxin,China,0.0152
875496,840372,Kuerle,China,0.0418
872438,860353,Hufuf-Mubarraz,Saudi Arabia,0.014
871457,836448,Quzhou,China,0.0419
871449,876728,Indianapolis,IN,-0.006
870465,836876,Cherthala,India,0.0401
869773,856854,Libreville,Gabon,0.0151
869625,863377,Tainan,Taiwan,0.0072
864910,848003,Yibin,China,0.0199
861978,839474,Xinghua,China,0.0268
860522,835771,Yongzhou,China,0.0296
859209,847790,Banghazi,Libya,0.0135
857683,845243,Luzhou,China,0.0147
857225,842281,Ipoh,Malaysia,0.0177
855191,836336,Xinyang,China,0.0225
851630,832913,Yangquan,China,0.0225
849687,849675,Palermo,Italy,0
849580,828411,Xiaogan,China,0.0256
846560,819791,Enugu,Nigeria,0.0327
844747,822337,Maiduguri,Nigeria,0.0273
844249,837814,Quebec City,Canada,0.0077
843754,815194,Huaihua,China,0.035
841108,832944,Winnipeg,Canada,0.0098
839046,790742,Lokoja,Nigeria,0.0611
838377,839439,Saratov,Russia,-0.0013
838301,836857,Valencia,Spain,0.0017
837479,814639,Tianshui,China,0.028
835900,822533,Orumiyeh,Iran,0.0163
834782,816151,Zhuji,China,0.0228
834065,818551,Eskisehir,Turkey,0.019
830125,802749,Bozhou,China,0.0341
826981,827868,Bucheon,South Korea,-0.0011
826777,815308,Heze,China,0.0141
826414,798818,Kunshan,China,0.0345
825581,815141,Barcelona-Puerto La Cruz,Venezuela,0.0128
823431,818452,Newcastle upon Tyne,United Kingdom,0.0061
821192,808044,Haicheng,China,0.0163
821132,805739,Huludao,China,0.0191
818628,780349,Kottayam,India,0.0491
818566,802188,Bikaner,India,0.0204
818057,791806,Jincheng,China,0.0332
816293,794715,Nellore,India,0.0272
814524,813793,Thessaloniki,Greece,0.0009
814332,811707,Bologna,Italy,0.0032
813394,792744,Gebze,Turkey,0.026
813369,796139,Liaocheng,China,0.0216
813320,804692,Sorocaba,Brazil,0.0107
812090,767645,Bunia,DR Congo,0.0579
811451,791025,Taixing,China,0.0258
811041,799178,Xalapa,Mexico,0.0148
809468,776832,Benguela,Angola,0.042
807833,786186,Langfang,China,0.0275
806757,800394,Nottingham,United Kingdom,0.0079
804537,777056,Zhumadian,China,0.0354
803194,786304,Cagayan de Oro City,Philippines,0.0215
802600,784218,Dasmarinas,Philippines,0.0234
801853,792437,Nakhon Ratchasima,Thailand,0.0119
800793,779320,Sulaimaniya,Iraq,0.0276
800010,766392,Zanzibar,Tanzania,0.0439
798382,779386,Ar-Rayyan,Qatar,0.0244
797964,772476,Gaomi,China,0.033
797865,799832,Niigata,Japan,-0.0025
796756,773630,Meishan,China,0.0299
796509,785635,Jiaozuo,China,0.0138
796437,791232,Frankfurt,Germany,0.0066
795835,770665,Hanchuan,China,0.0327
793927,786127,Vereeniging,South Africa,0.0099
792620,778087,Amravati,India,0.0187
791931,758275,Anqiu,China,0.0444
791214,767107,Muzaffarnagar,India,0.0314
789755,767329,Danyang,China,0.0292
788276,776617,Gorakhpur,India,0.015
786192,757238,Kayamkulam,India,0.0382
784230,775245,Shaoguan,China,0.0116
783243,743760,Malanje,Angola,0.0531
781047,775751,Hamilton,Canada,0.0068
779535,762382,Anqing,China,0.0225
778280,764116,Bur Sa'id,Egypt,0.0185
778187,756083,Gaza,Palestine,0.0292
776076,754831,Linhai,China,0.0281
775559,762998,Cuttack,India,0.0165
774321,752919,Erduosi-Ordoss,China,0.0284
771515,749750,Oshogbo,Nigeria,0.029
771514,731511,Ibb,Yemen,0.0547
770959,757329,Banjarmasin,Indonesia,0.018
769417,769595,Krakow,Poland,-0.0002
768075,757011,Zigong,China,0.0146
767188,739777,Yan'an,China,0.0371
767161,752185,Belgaum,India,0.0199
766782,755409,Qingyuan,China,0.0151
766703,764669,Ansan,South Korea,0.0027
766007,749297,Zaria,Nigeria,0.0223
764628,747821,Malegaon,India,0.0225
762981,735499,Kitwe,Zambia,0.0374
761169,745467,Shaoyang,China,0.0211
760129,727772,Merca,Somalia,0.0445
759150,732643,Dengzhou,China,0.0362
758185,739052,Maturin,Venezuela,0.0259
757224,737464,Yanji,China,0.0268
756158,738713,Tongliao,China,0.0236
754711,729924,Yuncheng,China,0.034
753325,736488,Sialkot,Pakistan,0.0229
752916,734805,Tongling,China,0.0246
752744,729109,Tirupati,India,0.0324
751679,733917,Wuzhou,China,0.0242
750102,723114,Yuxi,China,0.0373
750097,733643,Suining Sichuan,China,0.0224
